{
  "project_info": {
    "project_number": "919924951521",
    "firebase_url": "https://travelmantics-4fed0.firebaseio.com",
    "project_id": "travelmantics-4fed0",
    "storage_bucket": "travelmantics-4fed0.appspot.com"
  },
  "client": [
    {
      "client_info": {
        "mobilesdk_app_id": "1:919924951521:android:b4470d06b32c6715",
        "android_client_info": {
          "package_name": "com.example.travelmantics"
        }
      },
      "oauth_client": [
        {
          "client_id": "919924951521-21152fcuv7ggg9id0u5mk5u99ejl6ik8.apps.googleusercontent.com",
          "client_type": 1,
          "android_info": {
            "package_name": "com.example.travelmantics",
            "certificate_hash": "56ea320ad68d351c92baed1ecc7a5f70ad99d656"
          }
        },
        {
          "client_id": "919924951521-i3jkqv3a6jhjorq1i1mir9dmn4225dt5.apps.googleusercontent.com",
          "client_type": 3
        }
      ],
      "api_key": [
        {
          "current_key": "AIzaSyDnAH846hBSdbPgln-J8IT3wEAEE4-jE4U"
        }
      ],
      "services": {
        "appinvite_service": {
          "other_platform_oauth_client": [
            {
              "client_id": "919924951521-i3jkqv3a6jhjorq1i1mir9dmn4225dt5.apps.googleusercontent.com",
              "client_type": 3
            }
          ]
        }
      }
    }
  ],
  "configuration_version": "1"
}